"Year","Dam","MedianPassage","Species","MeanMayTemp","arr_GAM_mean"
2000,"Bonneville",143,"Coho",13.0303230148048,NA
2001,"Bonneville",144,"Coho",13.8139024390244,NA
2002,"Bonneville",139,"Coho",12.0017227456258,NA
2003,"Bonneville",136,"Coho",12.4623933975241,NA
2004,"Bonneville",126,"Coho",13.848938172043,NA
2005,"Bonneville",129,"Coho",13.6445833333333,NA
2006,"Bonneville",137,"Coho",13.0788844086022,NA
2007,"Bonneville",133,"Coho",13.0571639784946,NA
2008,"Bonneville",139,"Coho",12.1137096774194,NA
2009,"Bonneville",142,"Coho",12.1977956989247,NA
2010,"Bonneville",134,"Coho",12.4241397849462,NA
2011,"Bonneville",134,"Coho",11.4663172043011,NA
2012,"Bonneville",139,"Coho",12.285564516129,NA
2013,"Bonneville",134,"Coho",13.1988306451613,82.682
2014,"Bonneville",132,"Coho",13.0089650537634,91.6543333333333
2015,"Bonneville",129,"Coho",14.5528897849462,121.523666666667
2016,"Bonneville",123,"Coho",14.3642607526882,101.628
2017,"Bonneville",118,"Coho",12.5058019713262,133.529
2018,"Bonneville",126,"Coho",13.3567741935484,118.347333333333
2019,"Bonneville",130,"Coho",13.2521756756757,153.097333333333
2020,"Bonneville",128,"Coho",13.155531628533,140.797
2021,"Bonneville",128,"Coho",14.361541218638,86.9293333333333
2022,"Bonneville",135,"Coho",11.9949460916442,104.883
2023,"Bonneville",134,"Coho",13.3861826953003,105.231333333333
2024,"Bonneville",129,"Coho",13.4162096774194,NA
2000,"Bonneville",146,"Sockeye",13.0303230148048,NA
2001,"Bonneville",161,"Sockeye",13.8139024390244,NA
2002,"Bonneville",143,"Sockeye",12.0017227456258,NA
2003,"Bonneville",140,"Sockeye",12.4623933975241,NA
2004,"Bonneville",153,"Sockeye",13.848938172043,NA
2005,"Bonneville",143,"Sockeye",13.6445833333333,NA
2006,"Bonneville",139,"Sockeye",13.0788844086022,NA
2007,"Bonneville",145,"Sockeye",13.0571639784946,NA
2008,"Bonneville",150,"Sockeye",12.1137096774194,NA
2009,"Bonneville",146,"Sockeye",12.1977956989247,NA
2010,"Bonneville",152,"Sockeye",12.4241397849462,NA
2011,"Bonneville",137,"Sockeye",11.4663172043011,NA
2012,"Bonneville",135,"Sockeye",12.285564516129,NA
2013,"Bonneville",140,"Sockeye",13.1988306451613,82.682
2014,"Bonneville",142,"Sockeye",13.0089650537634,91.6543333333333
2015,"Bonneville",142,"Sockeye",14.5528897849462,121.523666666667
2016,"Bonneville",132,"Sockeye",14.3642607526882,101.628
2017,"Bonneville",135,"Sockeye",12.5058019713262,133.529
2018,"Bonneville",134,"Sockeye",13.3567741935484,118.347333333333
2019,"Bonneville",142,"Sockeye",13.2521756756757,153.097333333333
2020,"Bonneville",144,"Sockeye",13.155531628533,140.797
2021,"Bonneville",139,"Sockeye",14.361541218638,86.9293333333333
2022,"Bonneville",146,"Sockeye",11.9949460916442,104.883
2023,"Bonneville",136,"Sockeye",13.3861826953003,105.231333333333
2024,"Bonneville",145,"Sockeye",13.4162096774194,NA
2000,"Bonneville",138,"Steelhead",13.0303230148048,NA
2001,"Bonneville",139,"Steelhead",13.8139024390244,NA
2002,"Bonneville",147,"Steelhead",12.0017227456258,NA
2003,"Bonneville",149,"Steelhead",12.4623933975241,NA
2004,"Bonneville",137,"Steelhead",13.848938172043,NA
2005,"Bonneville",133,"Steelhead",13.6445833333333,NA
2006,"Bonneville",128,"Steelhead",13.0788844086022,NA
2007,"Bonneville",136,"Steelhead",13.0571639784946,NA
2008,"Bonneville",134,"Steelhead",12.1137096774194,NA
2009,"Bonneville",133,"Steelhead",12.1977956989247,NA
2010,"Bonneville",137,"Steelhead",12.4241397849462,NA
2011,"Bonneville",133,"Steelhead",11.4663172043011,NA
2012,"Bonneville",131,"Steelhead",12.285564516129,NA
2013,"Bonneville",130,"Steelhead",13.1988306451613,82.682
2014,"Bonneville",129,"Steelhead",13.0089650537634,91.6543333333333
2015,"Bonneville",131,"Steelhead",14.5528897849462,121.523666666667
2016,"Bonneville",126,"Steelhead",14.3642607526882,101.628
2017,"Bonneville",126,"Steelhead",12.5058019713262,133.529
2018,"Bonneville",124,"Steelhead",13.3567741935484,118.347333333333
2019,"Bonneville",125,"Steelhead",13.2521756756757,153.097333333333
2020,"Bonneville",129,"Steelhead",13.155531628533,140.797
2021,"Bonneville",127,"Steelhead",14.361541218638,86.9293333333333
2022,"Bonneville",138,"Steelhead",11.9949460916442,104.883
2023,"Bonneville",130,"Steelhead",13.3861826953003,105.231333333333
2024,"Bonneville",128,"Steelhead",13.4162096774194,NA
2000,"Bonneville",113,"Subyearling Chinook",13.0303230148048,NA
2001,"Bonneville",178,"Subyearling Chinook",13.8139024390244,NA
2002,"Bonneville",180,"Subyearling Chinook",12.0017227456258,NA
2003,"Bonneville",179,"Subyearling Chinook",12.4623933975241,NA
2004,"Bonneville",166,"Subyearling Chinook",13.848938172043,NA
2005,"Bonneville",160,"Subyearling Chinook",13.6445833333333,NA
2006,"Bonneville",166,"Subyearling Chinook",13.0788844086022,NA
2007,"Bonneville",126,"Subyearling Chinook",13.0571639784946,NA
2008,"Bonneville",127,"Subyearling Chinook",12.1137096774194,NA
2009,"Bonneville",168,"Subyearling Chinook",12.1977956989247,NA
2010,"Bonneville",176,"Subyearling Chinook",12.4241397849462,NA
2011,"Bonneville",131,"Subyearling Chinook",11.4663172043011,NA
2012,"Bonneville",177,"Subyearling Chinook",12.285564516129,NA
2013,"Bonneville",180,"Subyearling Chinook",13.1988306451613,82.682
2014,"Bonneville",180,"Subyearling Chinook",13.0089650537634,91.6543333333333
2015,"Bonneville",119,"Subyearling Chinook",14.5528897849462,121.523666666667
2016,"Bonneville",132,"Subyearling Chinook",14.3642607526882,101.628
2017,"Bonneville",177,"Subyearling Chinook",12.5058019713262,133.529
2018,"Bonneville",156,"Subyearling Chinook",13.3567741935484,118.347333333333
2019,"Bonneville",128,"Subyearling Chinook",13.2521756756757,153.097333333333
2020,"Bonneville",142,"Subyearling Chinook",13.155531628533,140.797
2021,"Bonneville",114,"Subyearling Chinook",14.361541218638,86.9293333333333
2022,"Bonneville",190,"Subyearling Chinook",11.9949460916442,104.883
2023,"Bonneville",114,"Subyearling Chinook",13.3861826953003,105.231333333333
2024,"Bonneville",187,"Subyearling Chinook",13.4162096774194,NA
2000,"Bonneville",138,"Yearling Chinook",13.0303230148048,NA
2001,"Bonneville",131,"Yearling Chinook",13.8139024390244,NA
2002,"Bonneville",138,"Yearling Chinook",12.0017227456258,NA
2003,"Bonneville",134,"Yearling Chinook",12.4623933975241,NA
2004,"Bonneville",125,"Yearling Chinook",13.848938172043,NA
2005,"Bonneville",127,"Yearling Chinook",13.6445833333333,NA
2006,"Bonneville",129,"Yearling Chinook",13.0788844086022,NA
2007,"Bonneville",131,"Yearling Chinook",13.0571639784946,NA
2008,"Bonneville",133,"Yearling Chinook",12.1137096774194,NA
2009,"Bonneville",136,"Yearling Chinook",12.1977956989247,NA
2010,"Bonneville",133,"Yearling Chinook",12.4241397849462,NA
2011,"Bonneville",130,"Yearling Chinook",11.4663172043011,NA
2012,"Bonneville",133,"Yearling Chinook",12.285564516129,NA
2013,"Bonneville",132,"Yearling Chinook",13.1988306451613,82.682
2014,"Bonneville",129,"Yearling Chinook",13.0089650537634,91.6543333333333
2015,"Bonneville",128,"Yearling Chinook",14.5528897849462,121.523666666667
2016,"Bonneville",123,"Yearling Chinook",14.3642607526882,101.628
2017,"Bonneville",125,"Yearling Chinook",12.5058019713262,133.529
2018,"Bonneville",124,"Yearling Chinook",13.3567741935484,118.347333333333
2019,"Bonneville",127,"Yearling Chinook",13.2521756756757,153.097333333333
2020,"Bonneville",128,"Yearling Chinook",13.155531628533,140.797
2021,"Bonneville",128,"Yearling Chinook",14.361541218638,86.9293333333333
2022,"Bonneville",135,"Yearling Chinook",11.9949460916442,104.883
2023,"Bonneville",132,"Yearling Chinook",13.3861826953003,105.231333333333
2024,"Bonneville",125,"Yearling Chinook",13.4162096774194,NA
2000,"Lower Granite",146,"Coho",11.9798252688172,NA
2001,"Lower Granite",155,"Coho",11.9908287920073,NA
2002,"Lower Granite",143,"Coho",10.5164092140921,NA
2003,"Lower Granite",147,"Coho",10.6353773584906,NA
2004,"Lower Granite",142,"Coho",11.7925537634409,NA
2005,"Lower Granite",130,"Coho",11.6896769851952,NA
2006,"Lower Granite",139,"Coho",11.9247043010753,NA
2007,"Lower Granite",135,"Coho",11.8908870967742,NA
2008,"Lower Granite",133,"Coho",10.1620564516129,NA
2009,"Lower Granite",141,"Coho",11.038175776583,136.56
2010,"Lower Granite",141,"Coho",10.9231451612903,103.789333333333
2011,"Lower Granite",137,"Coho",10.6641871584699,NA
2012,"Lower Granite",138,"Coho",10.9334408602151,104.416333333333
2013,"Lower Granite",134,"Coho",11.2915725806452,114.225
2014,"Lower Granite",139,"Coho",10.9181586021505,88.9446666666667
2015,"Lower Granite",133,"Coho",13.0070698924731,89.7503333333333
2016,"Lower Granite",129,"Coho",12.2590188172043,125.846
2017,"Lower Granite",133,"Coho",11.6691382915173,107.043333333333
2018,"Lower Granite",131,"Coho",11.5785349462366,103.697
2019,"Lower Granite",134,"Coho",11.8345295698925,100.091
2020,"Lower Granite",142,"Coho",10.851814516129,111.285
2021,"Lower Granite",132,"Coho",11.4067429340511,89.2456666666667
2022,"Lower Granite",130,"Coho",10.4325806451613,107.778666666667
2023,"Lower Granite",137,"Coho",11.9318206521739,86.2413333333333
2024,"Lower Granite",121,"Coho",12.3304166666667,99.9546666666667
2000,"Lower Granite",145,"Sockeye",11.9798252688172,NA
2001,"Lower Granite",143,"Sockeye",11.9908287920073,NA
2002,"Lower Granite",138,"Sockeye",10.5164092140921,NA
2003,"Lower Granite",151,"Sockeye",10.6353773584906,NA
2004,"Lower Granite",143,"Sockeye",11.7925537634409,NA
2005,"Lower Granite",140,"Sockeye",11.6896769851952,NA
2006,"Lower Granite",134,"Sockeye",11.9247043010753,NA
2007,"Lower Granite",136,"Sockeye",11.8908870967742,NA
2008,"Lower Granite",141,"Sockeye",10.1620564516129,NA
2009,"Lower Granite",140,"Sockeye",11.038175776583,136.56
2010,"Lower Granite",151,"Sockeye",10.9231451612903,103.789333333333
2011,"Lower Granite",141,"Sockeye",10.6641871584699,NA
2012,"Lower Granite",140,"Sockeye",10.9334408602151,104.416333333333
2013,"Lower Granite",137,"Sockeye",11.2915725806452,114.225
2014,"Lower Granite",123,"Sockeye",10.9181586021505,88.9446666666667
2015,"Lower Granite",137,"Sockeye",13.0070698924731,89.7503333333333
2016,"Lower Granite",143,"Sockeye",12.2590188172043,125.846
2017,"Lower Granite",129,"Sockeye",11.6691382915173,107.043333333333
2018,"Lower Granite",137,"Sockeye",11.5785349462366,103.697
2019,"Lower Granite",138,"Sockeye",11.8345295698925,100.091
2020,"Lower Granite",136,"Sockeye",10.851814516129,111.285
2021,"Lower Granite",129,"Sockeye",11.4067429340511,89.2456666666667
2022,"Lower Granite",134,"Sockeye",10.4325806451613,107.778666666667
2023,"Lower Granite",135,"Sockeye",11.9318206521739,86.2413333333333
2024,"Lower Granite",138,"Sockeye",12.3304166666667,99.9546666666667
2000,"Lower Granite",128,"Steelhead",11.9798252688172,NA
2001,"Lower Granite",130,"Steelhead",11.9908287920073,NA
2002,"Lower Granite",132,"Steelhead",10.5164092140921,NA
2003,"Lower Granite",136,"Steelhead",10.6353773584906,NA
2004,"Lower Granite",130,"Steelhead",11.7925537634409,NA
2005,"Lower Granite",129,"Steelhead",11.6896769851952,NA
2006,"Lower Granite",124,"Steelhead",11.9247043010753,NA
2007,"Lower Granite",127,"Steelhead",11.8908870967742,NA
2008,"Lower Granite",131,"Steelhead",10.1620564516129,NA
2009,"Lower Granite",123,"Steelhead",11.038175776583,136.56
2010,"Lower Granite",131,"Steelhead",10.9231451612903,103.789333333333
2011,"Lower Granite",130,"Steelhead",10.6641871584699,NA
2012,"Lower Granite",119,"Steelhead",10.9334408602151,104.416333333333
2013,"Lower Granite",129,"Steelhead",11.2915725806452,114.225
2014,"Lower Granite",124,"Steelhead",10.9181586021505,88.9446666666667
2015,"Lower Granite",118,"Steelhead",13.0070698924731,89.7503333333333
2016,"Lower Granite",117,"Steelhead",12.2590188172043,125.846
2017,"Lower Granite",118,"Steelhead",11.6691382915173,107.043333333333
2018,"Lower Granite",121,"Steelhead",11.5785349462366,103.697
2019,"Lower Granite",113,"Steelhead",11.8345295698925,100.091
2020,"Lower Granite",124,"Steelhead",10.851814516129,111.285
2021,"Lower Granite",110,"Steelhead",11.4067429340511,89.2456666666667
2022,"Lower Granite",130,"Steelhead",10.4325806451613,107.778666666667
2023,"Lower Granite",124,"Steelhead",11.9318206521739,86.2413333333333
2024,"Lower Granite",111,"Steelhead",12.3304166666667,99.9546666666667
2000,"Lower Granite",185,"Subyearling Chinook",11.9798252688172,NA
2001,"Lower Granite",185,"Subyearling Chinook",11.9908287920073,NA
2002,"Lower Granite",189,"Subyearling Chinook",10.5164092140921,NA
2003,"Lower Granite",169,"Subyearling Chinook",10.6353773584906,NA
2004,"Lower Granite",173,"Subyearling Chinook",11.7925537634409,NA
2005,"Lower Granite",154,"Subyearling Chinook",11.6896769851952,NA
2006,"Lower Granite",156,"Subyearling Chinook",11.9247043010753,NA
2007,"Lower Granite",161,"Subyearling Chinook",11.8908870967742,NA
2008,"Lower Granite",168,"Subyearling Chinook",10.1620564516129,NA
2009,"Lower Granite",160,"Subyearling Chinook",11.038175776583,136.56
2010,"Lower Granite",159,"Subyearling Chinook",10.9231451612903,103.789333333333
2011,"Lower Granite",161,"Subyearling Chinook",10.6641871584699,NA
2012,"Lower Granite",166,"Subyearling Chinook",10.9334408602151,104.416333333333
2013,"Lower Granite",160,"Subyearling Chinook",11.2915725806452,114.225
2014,"Lower Granite",162,"Subyearling Chinook",10.9181586021505,88.9446666666667
2015,"Lower Granite",158,"Subyearling Chinook",13.0070698924731,89.7503333333333
2016,"Lower Granite",163,"Subyearling Chinook",12.2590188172043,125.846
2017,"Lower Granite",156,"Subyearling Chinook",11.6691382915173,107.043333333333
2018,"Lower Granite",152,"Subyearling Chinook",11.5785349462366,103.697
2019,"Lower Granite",155,"Subyearling Chinook",11.8345295698925,100.091
2020,"Lower Granite",160,"Subyearling Chinook",10.851814516129,111.285
2021,"Lower Granite",176,"Subyearling Chinook",11.4067429340511,89.2456666666667
2022,"Lower Granite",160,"Subyearling Chinook",10.4325806451613,107.778666666667
2023,"Lower Granite",148,"Subyearling Chinook",11.9318206521739,86.2413333333333
2024,"Lower Granite",160,"Subyearling Chinook",12.3304166666667,99.9546666666667
2000,"Lower Granite",125,"Yearling Chinook",11.9798252688172,NA
2001,"Lower Granite",125,"Yearling Chinook",11.9908287920073,NA
2002,"Lower Granite",125,"Yearling Chinook",10.5164092140921,NA
2003,"Lower Granite",126,"Yearling Chinook",10.6353773584906,NA
2004,"Lower Granite",125,"Yearling Chinook",11.7925537634409,NA
2005,"Lower Granite",125,"Yearling Chinook",11.6896769851952,NA
2006,"Lower Granite",125,"Yearling Chinook",11.9247043010753,NA
2007,"Lower Granite",123,"Yearling Chinook",11.8908870967742,NA
2008,"Lower Granite",130,"Yearling Chinook",10.1620564516129,NA
2009,"Lower Granite",127,"Yearling Chinook",11.038175776583,136.56
2010,"Lower Granite",124,"Yearling Chinook",10.9231451612903,103.789333333333
2011,"Lower Granite",128,"Yearling Chinook",10.6641871584699,NA
2012,"Lower Granite",118,"Yearling Chinook",10.9334408602151,104.416333333333
2013,"Lower Granite",128,"Yearling Chinook",11.2915725806452,114.225
2014,"Lower Granite",124,"Yearling Chinook",10.9181586021505,88.9446666666667
2015,"Lower Granite",116,"Yearling Chinook",13.0070698924731,89.7503333333333
2016,"Lower Granite",117,"Yearling Chinook",12.2590188172043,125.846
2017,"Lower Granite",119,"Yearling Chinook",11.6691382915173,107.043333333333
2018,"Lower Granite",123,"Yearling Chinook",11.5785349462366,103.697
2019,"Lower Granite",119,"Yearling Chinook",11.8345295698925,100.091
2020,"Lower Granite",126,"Yearling Chinook",10.851814516129,111.285
2021,"Lower Granite",125,"Yearling Chinook",11.4067429340511,89.2456666666667
2022,"Lower Granite",129,"Yearling Chinook",10.4325806451613,107.778666666667
2023,"Lower Granite",124,"Yearling Chinook",11.9318206521739,86.2413333333333
2024,"Lower Granite",109,"Yearling Chinook",12.3304166666667,99.9546666666667
2000,"McNary",159,"Coho",12.6618842530283,NA
2001,"McNary",NA,"Coho",13.3891790040377,NA
2002,"McNary",151,"Coho",11.5752016129032,NA
2003,"McNary",155,"Coho",11.7170325203252,NA
2004,"McNary",152,"Coho",13.0503091397849,NA
2005,"McNary",141,"Coho",12.8442607526882,NA
2006,"McNary",147,"Coho",12.4844623655914,NA
2007,"McNary",141,"Coho",12.513064516129,NA
2008,"McNary",146,"Coho",11.6404838709677,NA
2009,"McNary",143,"Coho",11.7000672043011,NA
2010,"McNary",151,"Coho",11.8256586021505,99.59
2011,"McNary",145,"Coho",10.9204301075269,NA
2012,"McNary",142,"Coho",11.9017377161445,104.617333333333
2013,"McNary",141,"Coho",12.34125,128.081
2014,"McNary",139,"Coho",12.3793682795699,128.746333333333
2015,"McNary",141,"Coho",14.134460916442,90.9853333333333
2016,"McNary",134,"Coho",14.0638978494624,133.132666666667
2017,"McNary",139,"Coho",12.077859916368,140.282
2018,"McNary",131,"Coho",12.6612365591398,102.847666666667
2019,"McNary",139,"Coho",12.318561827957,116.796333333333
2020,"McNary",136,"Coho",12.3078571428571,100.21
2021,"McNary",141,"Coho",12.8317876344086,95.966
2022,"McNary",143,"Coho",11.4061290322581,91.1256666666667
2023,"McNary",139,"Coho",12.8074327956989,97.1083333333333
2024,"McNary",124,"Coho",12.8919892473118,98.578
2000,"McNary",144,"Sockeye",12.6618842530283,NA
2001,"McNary",NA,"Sockeye",13.3891790040377,NA
2002,"McNary",134,"Sockeye",11.5752016129032,NA
2003,"McNary",135,"Sockeye",11.7170325203252,NA
2004,"McNary",150,"Sockeye",13.0503091397849,NA
2005,"McNary",139,"Sockeye",12.8442607526882,NA
2006,"McNary",137,"Sockeye",12.4844623655914,NA
2007,"McNary",141,"Sockeye",12.513064516129,NA
2008,"McNary",146,"Sockeye",11.6404838709677,NA
2009,"McNary",141,"Sockeye",11.7000672043011,NA
2010,"McNary",149,"Sockeye",11.8256586021505,99.59
2011,"McNary",137,"Sockeye",10.9204301075269,NA
2012,"McNary",132,"Sockeye",11.9017377161445,104.617333333333
2013,"McNary",135,"Sockeye",12.34125,128.081
2014,"McNary",137,"Sockeye",12.3793682795699,128.746333333333
2015,"McNary",137,"Sockeye",14.134460916442,90.9853333333333
2016,"McNary",132,"Sockeye",14.0638978494624,133.132666666667
2017,"McNary",133,"Sockeye",12.077859916368,140.282
2018,"McNary",131,"Sockeye",12.6612365591398,102.847666666667
2019,"McNary",139,"Sockeye",12.318561827957,116.796333333333
2020,"McNary",138,"Sockeye",12.3078571428571,100.21
2021,"McNary",135,"Sockeye",12.8317876344086,95.966
2022,"McNary",143,"Sockeye",11.4061290322581,91.1256666666667
2023,"McNary",137,"Sockeye",12.8074327956989,97.1083333333333
2024,"McNary",142,"Sockeye",12.8919892473118,98.578
2000,"McNary",131,"Steelhead",12.6618842530283,NA
2001,"McNary",143,"Steelhead",13.3891790040377,NA
2002,"McNary",140,"Steelhead",11.5752016129032,NA
2003,"McNary",145,"Steelhead",11.7170325203252,NA
2004,"McNary",134,"Steelhead",13.0503091397849,NA
2005,"McNary",137,"Steelhead",12.8442607526882,NA
2006,"McNary",121,"Steelhead",12.4844623655914,NA
2007,"McNary",129,"Steelhead",12.513064516129,NA
2008,"McNary",134,"Steelhead",11.6404838709677,NA
2009,"McNary",127,"Steelhead",11.7000672043011,NA
2010,"McNary",131,"Steelhead",11.8256586021505,99.59
2011,"McNary",125,"Steelhead",10.9204301075269,NA
2012,"McNary",122,"Steelhead",11.9017377161445,104.617333333333
2013,"McNary",125,"Steelhead",12.34125,128.081
2014,"McNary",125,"Steelhead",12.3793682795699,128.746333333333
2015,"McNary",129,"Steelhead",14.134460916442,90.9853333333333
2016,"McNary",122,"Steelhead",14.0638978494624,133.132666666667
2017,"McNary",121,"Steelhead",12.077859916368,140.282
2018,"McNary",121,"Steelhead",12.6612365591398,102.847666666667
2019,"McNary",109,"Steelhead",12.318561827957,116.796333333333
2020,"McNary",128,"Steelhead",12.3078571428571,100.21
2021,"McNary",121,"Steelhead",12.8317876344086,95.966
2022,"McNary",131,"Steelhead",11.4061290322581,91.1256666666667
2023,"McNary",123,"Steelhead",12.8074327956989,97.1083333333333
2024,"McNary",122,"Steelhead",12.8919892473118,98.578
2000,"McNary",182,"Subyearling Chinook",12.6618842530283,NA
2001,"McNary",183,"Subyearling Chinook",13.3891790040377,NA
2002,"McNary",181,"Subyearling Chinook",11.5752016129032,NA
2003,"McNary",182,"Subyearling Chinook",11.7170325203252,NA
2004,"McNary",181,"Subyearling Chinook",13.0503091397849,NA
2005,"McNary",178,"Subyearling Chinook",12.8442607526882,NA
2006,"McNary",187,"Subyearling Chinook",12.4844623655914,NA
2007,"McNary",187,"Subyearling Chinook",12.513064516129,NA
2008,"McNary",190,"Subyearling Chinook",11.6404838709677,NA
2009,"McNary",187,"Subyearling Chinook",11.7000672043011,NA
2010,"McNary",185,"Subyearling Chinook",11.8256586021505,99.59
2011,"McNary",203,"Subyearling Chinook",10.9204301075269,NA
2012,"McNary",196,"Subyearling Chinook",11.9017377161445,104.617333333333
2013,"McNary",185,"Subyearling Chinook",12.34125,128.081
2014,"McNary",185,"Subyearling Chinook",12.3793682795699,128.746333333333
2015,"McNary",183,"Subyearling Chinook",14.134460916442,90.9853333333333
2016,"McNary",178,"Subyearling Chinook",14.0638978494624,133.132666666667
2017,"McNary",181,"Subyearling Chinook",12.077859916368,140.282
2018,"McNary",175,"Subyearling Chinook",12.6612365591398,102.847666666667
2019,"McNary",173,"Subyearling Chinook",12.318561827957,116.796333333333
2020,"McNary",162,"Subyearling Chinook",12.3078571428571,100.21
2021,"McNary",175,"Subyearling Chinook",12.8317876344086,95.966
2022,"McNary",173,"Subyearling Chinook",11.4061290322581,91.1256666666667
2023,"McNary",163,"Subyearling Chinook",12.8074327956989,97.1083333333333
2024,"McNary",170,"Subyearling Chinook",12.8919892473118,98.578
2000,"McNary",136,"Yearling Chinook",12.6618842530283,NA
2001,"McNary",146,"Yearling Chinook",13.3891790040377,NA
2002,"McNary",137,"Yearling Chinook",11.5752016129032,NA
2003,"McNary",133,"Yearling Chinook",11.7170325203252,NA
2004,"McNary",132,"Yearling Chinook",13.0503091397849,NA
2005,"McNary",135,"Yearling Chinook",12.8442607526882,NA
2006,"McNary",129,"Yearling Chinook",12.4844623655914,NA
2007,"McNary",131,"Yearling Chinook",12.513064516129,NA
2008,"McNary",138,"Yearling Chinook",11.6404838709677,NA
2009,"McNary",135,"Yearling Chinook",11.7000672043011,NA
2010,"McNary",137,"Yearling Chinook",11.8256586021505,99.59
2011,"McNary",129,"Yearling Chinook",10.9204301075269,NA
2012,"McNary",130,"Yearling Chinook",11.9017377161445,104.617333333333
2013,"McNary",131,"Yearling Chinook",12.34125,128.081
2014,"McNary",131,"Yearling Chinook",12.3793682795699,128.746333333333
2015,"McNary",127,"Yearling Chinook",14.134460916442,90.9853333333333
2016,"McNary",124,"Yearling Chinook",14.0638978494624,133.132666666667
2017,"McNary",125,"Yearling Chinook",12.077859916368,140.282
2018,"McNary",129,"Yearling Chinook",12.6612365591398,102.847666666667
2019,"McNary",129,"Yearling Chinook",12.318561827957,116.796333333333
2020,"McNary",130,"Yearling Chinook",12.3078571428571,100.21
2021,"McNary",133,"Yearling Chinook",12.8317876344086,95.966
2022,"McNary",135,"Yearling Chinook",11.4061290322581,91.1256666666667
2023,"McNary",131,"Yearling Chinook",12.8074327956989,97.1083333333333
2024,"McNary",126,"Yearling Chinook",12.8919892473118,98.578
2000,"Rock Island",148,"Coho",10.476198630137,NA
2001,"Rock Island",144,"Coho",10.752641509434,NA
2002,"Rock Island",148,"Coho",9.69794520547945,NA
2003,"Rock Island",154,"Coho",9.58372434017595,NA
2004,"Rock Island",144,"Coho",10.593098782138,NA
2005,"Rock Island",135,"Coho",10.51644245142,NA
2006,"Rock Island",140,"Coho",10.5612055641422,NA
2007,"Rock Island",144,"Coho",9.54159292035398,NA
2008,"Rock Island",145,"Coho",9.6043068640646,NA
2009,"Rock Island",150,"Coho",9.28921161825726,NA
2010,"Rock Island",147,"Coho",9.46209239130435,122.17
2011,"Rock Island",147,"Coho",9.10282258064516,123.123333333333
2012,"Rock Island",137,"Coho",10.0055181695828,116.028666666667
2013,"Rock Island",140,"Coho",10.340620782726,118.798
2014,"Rock Island",143,"Coho",10.3283149171271,153.777
2015,"Rock Island",144,"Coho",11.6495956873315,165.573666666667
2016,"Rock Island",132,"Coho",12.4775978407557,131.405333333333
2017,"Rock Island",140,"Coho",10.0482866043614,157.179
2018,"Rock Island",135,"Coho",11.0234398782344,119.141333333333
2019,"Rock Island",150,"Coho",9.97770800627944,125.166333333333
2020,"Rock Island",143,"Coho",10.1623149394347,141.014333333333
2021,"Rock Island",147,"Coho",10.0986541049798,136.743666666667
2000,"Rock Island",134,"Sockeye",10.476198630137,NA
2001,"Rock Island",145,"Sockeye",10.752641509434,NA
2002,"Rock Island",130,"Sockeye",9.69794520547945,NA
2003,"Rock Island",130,"Sockeye",9.58372434017595,NA
2004,"Rock Island",123,"Sockeye",10.593098782138,NA
2005,"Rock Island",132,"Sockeye",10.51644245142,NA
2006,"Rock Island",141,"Sockeye",10.5612055641422,NA
2007,"Rock Island",140,"Sockeye",9.54159292035398,NA
2008,"Rock Island",146,"Sockeye",9.6043068640646,NA
2009,"Rock Island",147,"Sockeye",9.28921161825726,NA
2010,"Rock Island",144,"Sockeye",9.46209239130435,122.17
2011,"Rock Island",140,"Sockeye",9.10282258064516,123.123333333333
2012,"Rock Island",130,"Sockeye",10.0055181695828,116.028666666667
2013,"Rock Island",136,"Sockeye",10.340620782726,118.798
2014,"Rock Island",134,"Sockeye",10.3283149171271,153.777
2015,"Rock Island",115,"Sockeye",11.6495956873315,165.573666666667
2016,"Rock Island",124,"Sockeye",12.4775978407557,131.405333333333
2017,"Rock Island",132,"Sockeye",10.0482866043614,157.179
2018,"Rock Island",128,"Sockeye",11.0234398782344,119.141333333333
2019,"Rock Island",136,"Sockeye",9.97770800627944,125.166333333333
2020,"Rock Island",138,"Sockeye",10.1623149394347,141.014333333333
2021,"Rock Island",130,"Sockeye",10.0986541049798,136.743666666667
2000,"Rock Island",139,"Steelhead",10.476198630137,NA
2001,"Rock Island",NA,"Steelhead",10.752641509434,NA
2002,"Rock Island",144,"Steelhead",9.69794520547945,NA
2003,"Rock Island",146,"Steelhead",9.58372434017595,NA
2004,"Rock Island",133,"Steelhead",10.593098782138,NA
2005,"Rock Island",132,"Steelhead",10.51644245142,NA
2006,"Rock Island",139,"Steelhead",10.5612055641422,NA
2007,"Rock Island",141,"Steelhead",9.54159292035398,NA
2008,"Rock Island",141,"Steelhead",9.6043068640646,NA
2009,"Rock Island",141,"Steelhead",9.28921161825726,NA
2010,"Rock Island",141,"Steelhead",9.46209239130435,122.17
2011,"Rock Island",143,"Steelhead",9.10282258064516,123.123333333333
2012,"Rock Island",131,"Steelhead",10.0055181695828,116.028666666667
2013,"Rock Island",136,"Steelhead",10.340620782726,118.798
2014,"Rock Island",137,"Steelhead",10.3283149171271,153.777
2015,"Rock Island",138,"Steelhead",11.6495956873315,165.573666666667
2016,"Rock Island",129,"Steelhead",12.4775978407557,131.405333333333
2017,"Rock Island",133,"Steelhead",10.0482866043614,157.179
2018,"Rock Island",129,"Steelhead",11.0234398782344,119.141333333333
2019,"Rock Island",134,"Steelhead",9.97770800627944,125.166333333333
2020,"Rock Island",137,"Steelhead",10.1623149394347,141.014333333333
2021,"Rock Island",132,"Steelhead",10.0986541049798,136.743666666667
2000,"Rock Island",197,"Subyearling Chinook",10.476198630137,NA
2001,"Rock Island",196,"Subyearling Chinook",10.752641509434,NA
2002,"Rock Island",194,"Subyearling Chinook",9.69794520547945,NA
2003,"Rock Island",189,"Subyearling Chinook",9.58372434017595,NA
2004,"Rock Island",185,"Subyearling Chinook",10.593098782138,NA
2005,"Rock Island",180,"Subyearling Chinook",10.51644245142,NA
2006,"Rock Island",186,"Subyearling Chinook",10.5612055641422,NA
2007,"Rock Island",196,"Subyearling Chinook",9.54159292035398,NA
2008,"Rock Island",190,"Subyearling Chinook",9.6043068640646,NA
2009,"Rock Island",192,"Subyearling Chinook",9.28921161825726,NA
2010,"Rock Island",196,"Subyearling Chinook",9.46209239130435,122.17
2011,"Rock Island",188,"Subyearling Chinook",9.10282258064516,123.123333333333
2012,"Rock Island",194,"Subyearling Chinook",10.0055181695828,116.028666666667
2013,"Rock Island",190,"Subyearling Chinook",10.340620782726,118.798
2014,"Rock Island",186,"Subyearling Chinook",10.3283149171271,153.777
2015,"Rock Island",171,"Subyearling Chinook",11.6495956873315,165.573666666667
2016,"Rock Island",165,"Subyearling Chinook",12.4775978407557,131.405333333333
2017,"Rock Island",174,"Subyearling Chinook",10.0482866043614,157.179
2018,"Rock Island",167,"Subyearling Chinook",11.0234398782344,119.141333333333
2019,"Rock Island",179,"Subyearling Chinook",9.97770800627944,125.166333333333
2020,"Rock Island",170,"Subyearling Chinook",10.1623149394347,141.014333333333
2021,"Rock Island",171,"Subyearling Chinook",10.0986541049798,136.743666666667
2000,"Rock Island",135,"Yearling Chinook",10.476198630137,NA
2001,"Rock Island",126,"Yearling Chinook",10.752641509434,NA
2002,"Rock Island",135,"Yearling Chinook",9.69794520547945,NA
2003,"Rock Island",128,"Yearling Chinook",9.58372434017595,NA
2004,"Rock Island",128,"Yearling Chinook",10.593098782138,NA
2005,"Rock Island",130,"Yearling Chinook",10.51644245142,NA
2006,"Rock Island",125,"Yearling Chinook",10.5612055641422,NA
2007,"Rock Island",136,"Yearling Chinook",9.54159292035398,NA
2008,"Rock Island",143,"Yearling Chinook",9.6043068640646,NA
2009,"Rock Island",134,"Yearling Chinook",9.28921161825726,NA
2010,"Rock Island",134,"Yearling Chinook",9.46209239130435,122.17
2011,"Rock Island",133,"Yearling Chinook",9.10282258064516,123.123333333333
2012,"Rock Island",128,"Yearling Chinook",10.0055181695828,116.028666666667
2013,"Rock Island",134,"Yearling Chinook",10.340620782726,118.798
2014,"Rock Island",131,"Yearling Chinook",10.3283149171271,153.777
2015,"Rock Island",125,"Yearling Chinook",11.6495956873315,165.573666666667
2016,"Rock Island",122,"Yearling Chinook",12.4775978407557,131.405333333333
2017,"Rock Island",124,"Yearling Chinook",10.0482866043614,157.179
2018,"Rock Island",126,"Yearling Chinook",11.0234398782344,119.141333333333
2019,"Rock Island",130,"Yearling Chinook",9.97770800627944,125.166333333333
2020,"Rock Island",132,"Yearling Chinook",10.1623149394347,141.014333333333
2021,"Rock Island",126,"Yearling Chinook",10.0986541049798,136.743666666667
2000,"Est_BON",143,"Coho",13.0303230148048,NA
2001,"Est_BON",144,"Coho",13.8139024390244,NA
2002,"Est_BON",139,"Coho",12.0017227456258,NA
2003,"Est_BON",136,"Coho",12.4623933975241,NA
2004,"Est_BON",126,"Coho",13.848938172043,NA
2005,"Est_BON",129,"Coho",13.6445833333333,NA
2006,"Est_BON",137,"Coho",13.0788844086022,NA
2007,"Est_BON",133,"Coho",13.0571639784946,NA
2008,"Est_BON",139,"Coho",12.1137096774194,NA
2009,"Est_BON",142,"Coho",12.1977956989247,NA
2010,"Est_BON",134,"Coho",12.4241397849462,NA
2011,"Est_BON",134,"Coho",11.4663172043011,99.5283333333333
2012,"Est_BON",139,"Coho",12.285564516129,99.2513333333333
2013,"Est_BON",134,"Coho",13.1988306451613,138.171333333333
2014,"Est_BON",132,"Coho",13.0089650537634,94.887
2015,"Est_BON",129,"Coho",14.5528897849462,93.5696666666667
2016,"Est_BON",123,"Coho",14.3642607526882,108.173666666667
2017,"Est_BON",118,"Coho",12.5058019713262,105.187
2018,"Est_BON",126,"Coho",13.3567741935484,104.555666666667
2019,"Est_BON",130,"Coho",13.2521756756757,108.219
2020,"Est_BON",128,"Coho",13.155531628533,105.646
2021,"Est_BON",128,"Coho",14.361541218638,101.907
2022,"Est_BON",135,"Coho",11.9949460916442,98.0153333333333
2023,"Est_BON",134,"Coho",13.3861826953003,103.092
2024,"Est_BON",129,"Coho",13.4162096774194,101.684666666667
2000,"Est_BON",146,"Sockeye",13.0303230148048,NA
2001,"Est_BON",161,"Sockeye",13.8139024390244,NA
2002,"Est_BON",143,"Sockeye",12.0017227456258,NA
2003,"Est_BON",140,"Sockeye",12.4623933975241,NA
2004,"Est_BON",153,"Sockeye",13.848938172043,NA
2005,"Est_BON",143,"Sockeye",13.6445833333333,NA
2006,"Est_BON",139,"Sockeye",13.0788844086022,NA
2007,"Est_BON",145,"Sockeye",13.0571639784946,NA
2008,"Est_BON",150,"Sockeye",12.1137096774194,NA
2009,"Est_BON",146,"Sockeye",12.1977956989247,NA
2010,"Est_BON",152,"Sockeye",12.4241397849462,NA
2011,"Est_BON",137,"Sockeye",11.4663172043011,99.5283333333333
2012,"Est_BON",135,"Sockeye",12.285564516129,99.2513333333333
2013,"Est_BON",140,"Sockeye",13.1988306451613,138.171333333333
2014,"Est_BON",142,"Sockeye",13.0089650537634,94.887
2015,"Est_BON",142,"Sockeye",14.5528897849462,93.5696666666667
2016,"Est_BON",132,"Sockeye",14.3642607526882,108.173666666667
2017,"Est_BON",135,"Sockeye",12.5058019713262,105.187
2018,"Est_BON",134,"Sockeye",13.3567741935484,104.555666666667
2019,"Est_BON",142,"Sockeye",13.2521756756757,108.219
2020,"Est_BON",144,"Sockeye",13.155531628533,105.646
2021,"Est_BON",139,"Sockeye",14.361541218638,101.907
2022,"Est_BON",146,"Sockeye",11.9949460916442,98.0153333333333
2023,"Est_BON",136,"Sockeye",13.3861826953003,103.092
2024,"Est_BON",145,"Sockeye",13.4162096774194,101.684666666667
2000,"Est_BON",138,"Steelhead",13.0303230148048,NA
2001,"Est_BON",139,"Steelhead",13.8139024390244,NA
2002,"Est_BON",147,"Steelhead",12.0017227456258,NA
2003,"Est_BON",149,"Steelhead",12.4623933975241,NA
2004,"Est_BON",137,"Steelhead",13.848938172043,NA
2005,"Est_BON",133,"Steelhead",13.6445833333333,NA
2006,"Est_BON",128,"Steelhead",13.0788844086022,NA
2007,"Est_BON",136,"Steelhead",13.0571639784946,NA
2008,"Est_BON",134,"Steelhead",12.1137096774194,NA
2009,"Est_BON",133,"Steelhead",12.1977956989247,NA
2010,"Est_BON",137,"Steelhead",12.4241397849462,NA
2011,"Est_BON",133,"Steelhead",11.4663172043011,99.5283333333333
2012,"Est_BON",131,"Steelhead",12.285564516129,99.2513333333333
2013,"Est_BON",130,"Steelhead",13.1988306451613,138.171333333333
2014,"Est_BON",129,"Steelhead",13.0089650537634,94.887
2015,"Est_BON",131,"Steelhead",14.5528897849462,93.5696666666667
2016,"Est_BON",126,"Steelhead",14.3642607526882,108.173666666667
2017,"Est_BON",126,"Steelhead",12.5058019713262,105.187
2018,"Est_BON",124,"Steelhead",13.3567741935484,104.555666666667
2019,"Est_BON",125,"Steelhead",13.2521756756757,108.219
2020,"Est_BON",129,"Steelhead",13.155531628533,105.646
2021,"Est_BON",127,"Steelhead",14.361541218638,101.907
2022,"Est_BON",138,"Steelhead",11.9949460916442,98.0153333333333
2023,"Est_BON",130,"Steelhead",13.3861826953003,103.092
2024,"Est_BON",128,"Steelhead",13.4162096774194,101.684666666667
2000,"Est_BON",113,"Subyearling Chinook",13.0303230148048,NA
2001,"Est_BON",178,"Subyearling Chinook",13.8139024390244,NA
2002,"Est_BON",180,"Subyearling Chinook",12.0017227456258,NA
2003,"Est_BON",179,"Subyearling Chinook",12.4623933975241,NA
2004,"Est_BON",166,"Subyearling Chinook",13.848938172043,NA
2005,"Est_BON",160,"Subyearling Chinook",13.6445833333333,NA
2006,"Est_BON",166,"Subyearling Chinook",13.0788844086022,NA
2007,"Est_BON",126,"Subyearling Chinook",13.0571639784946,NA
2008,"Est_BON",127,"Subyearling Chinook",12.1137096774194,NA
2009,"Est_BON",168,"Subyearling Chinook",12.1977956989247,NA
2010,"Est_BON",176,"Subyearling Chinook",12.4241397849462,NA
2011,"Est_BON",131,"Subyearling Chinook",11.4663172043011,99.5283333333333
2012,"Est_BON",177,"Subyearling Chinook",12.285564516129,99.2513333333333
2013,"Est_BON",180,"Subyearling Chinook",13.1988306451613,138.171333333333
2014,"Est_BON",180,"Subyearling Chinook",13.0089650537634,94.887
2015,"Est_BON",119,"Subyearling Chinook",14.5528897849462,93.5696666666667
2016,"Est_BON",132,"Subyearling Chinook",14.3642607526882,108.173666666667
2017,"Est_BON",177,"Subyearling Chinook",12.5058019713262,105.187
2018,"Est_BON",156,"Subyearling Chinook",13.3567741935484,104.555666666667
2019,"Est_BON",128,"Subyearling Chinook",13.2521756756757,108.219
2020,"Est_BON",142,"Subyearling Chinook",13.155531628533,105.646
2021,"Est_BON",114,"Subyearling Chinook",14.361541218638,101.907
2022,"Est_BON",190,"Subyearling Chinook",11.9949460916442,98.0153333333333
2023,"Est_BON",114,"Subyearling Chinook",13.3861826953003,103.092
2024,"Est_BON",187,"Subyearling Chinook",13.4162096774194,101.684666666667
2000,"Est_BON",138,"Yearling Chinook",13.0303230148048,NA
2001,"Est_BON",131,"Yearling Chinook",13.8139024390244,NA
2002,"Est_BON",138,"Yearling Chinook",12.0017227456258,NA
2003,"Est_BON",134,"Yearling Chinook",12.4623933975241,NA
2004,"Est_BON",125,"Yearling Chinook",13.848938172043,NA
2005,"Est_BON",127,"Yearling Chinook",13.6445833333333,NA
2006,"Est_BON",129,"Yearling Chinook",13.0788844086022,NA
2007,"Est_BON",131,"Yearling Chinook",13.0571639784946,NA
2008,"Est_BON",133,"Yearling Chinook",12.1137096774194,NA
2009,"Est_BON",136,"Yearling Chinook",12.1977956989247,NA
2010,"Est_BON",133,"Yearling Chinook",12.4241397849462,NA
2011,"Est_BON",130,"Yearling Chinook",11.4663172043011,99.5283333333333
2012,"Est_BON",133,"Yearling Chinook",12.285564516129,99.2513333333333
2013,"Est_BON",132,"Yearling Chinook",13.1988306451613,138.171333333333
2014,"Est_BON",129,"Yearling Chinook",13.0089650537634,94.887
2015,"Est_BON",128,"Yearling Chinook",14.5528897849462,93.5696666666667
2016,"Est_BON",123,"Yearling Chinook",14.3642607526882,108.173666666667
2017,"Est_BON",125,"Yearling Chinook",12.5058019713262,105.187
2018,"Est_BON",124,"Yearling Chinook",13.3567741935484,104.555666666667
2019,"Est_BON",127,"Yearling Chinook",13.2521756756757,108.219
2020,"Est_BON",128,"Yearling Chinook",13.155531628533,105.646
2021,"Est_BON",128,"Yearling Chinook",14.361541218638,101.907
2022,"Est_BON",135,"Yearling Chinook",11.9949460916442,98.0153333333333
2023,"Est_BON",132,"Yearling Chinook",13.3861826953003,103.092
2024,"Est_BON",125,"Yearling Chinook",13.4162096774194,101.684666666667
